{"cameraMode":{"drawMode":0,"name":"Shaded","section":"Shading Mode"},"sceneLighting":false,"audioPlay":false,"sceneViewState":{"showFog":true,"showMaterialUpdate":false,"showSkybox":false,"showFlares":true,"showImageEffects":true,"showParticleSystems":true},"in2DMode":false,"pivot":{"x":1541.3179931640625,"y":202.55511474609376,"z":975.0382080078125},"rotation":{"x":-0.03523256629705429,"y":-0.7436013221740723,"z":0.03930608183145523,"w":-0.6665363907814026},"size":2.3736908435821535,"orthographic":false}