{"cameraMode":{"drawMode":0,"name":"Shaded","section":"Shading Mode"},"sceneLighting":false,"audioPlay":false,"sceneViewState":{"showFog":true,"showMaterialUpdate":false,"showSkybox":false,"showFlares":true,"showImageEffects":true,"showParticleSystems":true},"in2DMode":false,"pivot":{"x":11.052974700927735,"y":4.475615501403809,"z":-6.092042922973633},"rotation":{"x":-0.04838743060827255,"y":-0.9297688603401184,"z":0.13226725161075593,"w":-0.3401382267475128},"size":22.0,"orthographic":false}