{"cameraMode":{"drawMode":0,"name":"Shaded","section":"Shading Mode"},"sceneLighting":false,"audioPlay":false,"sceneViewState":{"showFog":true,"showMaterialUpdate":false,"showSkybox":false,"showFlares":true,"showImageEffects":true,"showParticleSystems":true},"in2DMode":false,"pivot":{"x":2.9802322387695315e-8,"y":-6.174151394588989e-7,"z":5.7096919192645149e-8},"rotation":{"x":-0.30378323793411257,"y":0.5081210732460022,"z":-0.1975550353527069,"w":-0.7813454270362854},"size":0.945234477519989,"orthographic":false}