{"cameraMode":{"drawMode":0,"name":"Shaded","section":"Shading Mode"},"sceneLighting":false,"audioPlay":false,"sceneViewState":{"showFog":true,"showMaterialUpdate":false,"showSkybox":false,"showFlares":true,"showImageEffects":true,"showParticleSystems":true},"in2DMode":false,"pivot":{"x":6.821018218994141,"y":-2.6276228427886965,"z":7.255910396575928},"rotation":{"x":-0.03523256629705429,"y":-0.7436013221740723,"z":0.03930608183145523,"w":-0.6665363907814026},"size":1.8971807956695557,"orthographic":false}