{"cameraMode":{"drawMode":0,"name":"Shaded","section":"Shading Mode"},"sceneLighting":false,"audioPlay":false,"sceneViewState":{"showFog":true,"showMaterialUpdate":false,"showSkybox":false,"showFlares":true,"showImageEffects":true,"showParticleSystems":true},"in2DMode":false,"pivot":{"x":16.44300079345703,"y":0.5327580571174622,"z":3.7099342346191408},"rotation":{"x":-0.30378323793411257,"y":0.5081210732460022,"z":-0.1975550353527069,"w":-0.7813454270362854},"size":1.6956753730773926,"orthographic":false}