{"cameraMode":{"drawMode":0,"name":"Shaded","section":"Shading Mode"},"sceneLighting":false,"audioPlay":false,"sceneViewState":{"showFog":true,"showMaterialUpdate":false,"showSkybox":false,"showFlares":true,"showImageEffects":true,"showParticleSystems":true},"in2DMode":false,"pivot":{"x":167.56761169433595,"y":0.4830000400543213,"z":107.89700317382813},"rotation":{"x":-0.204613596200943,"y":0.4961071014404297,"z":-0.12156849354505539,"w":-0.8350042700767517},"size":657.9447021484375,"orthographic":false}