{"cameraMode":{"drawMode":0,"name":"Shaded","section":"Shading Mode"},"sceneLighting":false,"audioPlay":false,"sceneViewState":{"showFog":true,"showMaterialUpdate":false,"showSkybox":true,"showFlares":true,"showImageEffects":true,"showParticleSystems":true},"in2DMode":false,"pivot":{"x":-9.119999885559082,"y":7.396711349487305,"z":1.4299999475479127},"rotation":{"x":-0.204613596200943,"y":0.4961071014404297,"z":-0.12156849354505539,"w":-0.8350042700767517},"size":2.5966291427612306,"orthographic":false}