{"cameraMode":{"drawMode":0,"name":"Shaded","section":"Shading Mode"},"sceneLighting":false,"audioPlay":false,"sceneViewState":{"showFog":true,"showMaterialUpdate":false,"showSkybox":false,"showFlares":true,"showImageEffects":true,"showParticleSystems":true},"in2DMode":false,"pivot":{"x":341.6471862792969,"y":-0.31205692887306216,"z":217.01710510253907},"rotation":{"x":-0.204613596200943,"y":0.4961071014404297,"z":-0.12156849354505539,"w":-0.8350042700767517},"size":0.3044635057449341,"orthographic":false}